,,,,Execution Time,Execution Time,Execution Time,Execution Time,Guesses,Guesses,Guesses,Guesses,Backtracks,Backtracks,Backtracks,Backtracks
,,,,min,max,mean,count,min,max,mean,count,min,max,mean,count
algorithm,search,guess,Zeros,,,,,,,,,,,,
backtracking,1,1,24.0,0.0061213999870233,0.0081085999845527,0.0064297180040738975,50,24.0,43.0,26.06,50,0.0,19.0,2.06,50
backtracking,1,1,25.0,0.0059650999610312,0.0080891999532468,0.006288329997332722,50,25.0,62.0,30.54,50,0.0,37.0,5.54,50
backtracking,1,1,26.0,0.0058611000422388,0.0073395000072196,0.006162761999294119,50,26.0,51.0,29.52,50,0.0,25.0,3.52,50
backtracking,1,1,27.0,0.0059664999716915,0.0079158000298775,0.00634937200113195,50,27.0,72.0,32.22,50,0.0,45.0,5.22,50
backtracking,1,1,28.0,0.0059297000407241,0.006709299981594,0.00620829600375141,50,28.0,52.0,33.92,50,0.0,24.0,5.92,50
backtracking,1,1,29.0,0.0058919999864883,0.0066241999738849,0.006238444006303282,50,29.0,69.0,35.74,50,0.0,40.0,6.74,50
backtracking,1,1,30.0,0.0060167000046931,0.0112792000290937,0.0064429819968062985,50,30.0,385.0,48.64,50,0.0,355.0,18.64,50
backtracking,1,1,31.0,0.0059674000367522,0.0074769000057131,0.0063757300004362635,50,31.0,122.0,43.64,50,0.0,91.0,12.64,50
backtracking,1,1,32.0,0.0059882000205107,0.0072879000217653,0.006376320006092963,50,32.0,108.0,45.12,50,0.0,76.0,13.12,50
backtracking,1,1,33.0,0.0060408999561332,0.0082790000014938,0.0064271699986420084,50,33.0,184.0,50.72,50,0.0,151.0,17.72,50
backtracking,1,1,34.0,0.0060830999864265,0.0071359000285156,0.006369305999251042,50,34.0,104.0,46.94,50,0.0,70.0,12.94,50
backtracking,1,1,35.0,0.0061017000116407,0.0078087999718263,0.006536414002766786,50,35.0,136.0,55.28,50,0.0,101.0,20.28,50
backtracking,1,1,36.0,0.006114299991168,0.0094071000348776,0.006741531998850359,50,37.0,298.0,73.12,50,1.0,262.0,37.12,50
backtracking,1,1,37.0,0.0060880000237375,0.0113194999867118,0.00694648399716238,50,37.0,454.0,85.66,50,0.0,417.0,48.66,50
backtracking,1,1,38.0,0.0061721000238321,0.0107541999896057,0.006900111999129834,50,38.0,343.0,86.24,50,0.0,305.0,48.24,50
backtracking,1,1,39.0,0.0061810999759472,0.0135226999991573,0.007198148000752502,50,40.0,600.0,104.16,50,1.0,561.0,65.16,50
backtracking,1,1,40.0,0.0062511999858543,0.0137340999790467,0.0077334580034948445,50,42.0,608.0,148.62,50,2.0,568.0,108.62,50
backtracking,1,1,41.0,0.0061584999784827,0.0123382000019773,0.007724489999236492,50,43.0,561.0,144.06,50,2.0,520.0,103.06,50
backtracking,1,1,42.0,0.0062686000019311,0.0376443000277504,0.008696833999128963,50,46.0,2447.0,223.42,50,4.0,2405.0,181.42,50
backtracking,1,1,43.0,0.0061844000010751,0.0270950000267475,0.009598065998870836,50,44.0,1656.0,287.26,50,1.0,1613.0,244.26,50
backtracking,1,1,44.0,0.0062789000221528,0.0597594999708235,0.012088570001069412,50,52.0,4168.0,479.64,50,8.0,4124.0,435.64,50
backtracking,1,1,45.0,0.0064419999835081,0.0880597000359557,0.014252961991587609,50,54.0,6440.0,653.9,50,9.0,6395.0,608.9,50
backtracking,1,2,24.0,0.0060427000280469,0.006902799999807,0.006372038003755688,50,24.0,44.0,26.92,50,0.0,20.0,2.92,50
backtracking,1,2,25.0,0.0060193999670445,0.0068495000014081,0.00634905999992038,50,25.0,40.0,28.1,50,0.0,15.0,3.1,50
backtracking,1,2,26.0,0.005979000008665,0.0068179000518284,0.006360533994156824,50,26.0,43.0,29.58,50,0.0,17.0,3.58,50
backtracking,1,2,27.0,0.0060327000101096,0.0117217000224627,0.0068329760036430764,50,27.0,85.0,33.8,50,0.0,58.0,6.8,50
backtracking,1,2,28.0,0.0061089999508112,0.0077494999859482,0.00644071000628169,50,28.0,56.0,33.62,50,0.0,28.0,5.62,50
backtracking,1,2,29.0,0.0060715999570675,0.0113337999791838,0.00661821399582545,50,29.0,68.0,34.46,50,0.0,39.0,5.46,50
backtracking,1,2,30.0,0.0060224999906495,0.0131623999914154,0.0065968080016318275,50,30.0,382.0,46.78,50,0.0,352.0,16.78,50
backtracking,1,2,31.0,0.0061895999824628,0.0079531000228598,0.0066062160010914835,50,31.0,121.0,45.08,50,0.0,90.0,14.08,50
backtracking,1,2,32.0,0.0060744000365957,0.0085486000170931,0.006619258000282534,50,32.0,133.0,45.6,50,0.0,101.0,13.6,50
backtracking,1,2,33.0,0.0061562999617308,0.0084837999893352,0.006664964000228746,50,33.0,144.0,47.52,50,0.0,111.0,14.52,50
backtracking,1,2,34.0,0.0062348999781534,0.0097335999598726,0.00681673800456333,50,34.0,222.0,56.4,50,0.0,188.0,22.4,50
backtracking,1,2,35.0,0.0061568000237457,0.0081060000229626,0.006915572000434585,50,35.0,130.0,59.86,50,0.0,95.0,24.86,50
backtracking,1,2,36.0,0.0062591999885626,0.0139494999893941,0.007142314000520808,50,37.0,428.0,74.58,50,1.0,392.0,38.58,50
backtracking,1,2,37.0,0.0063439999939873,0.0154022999922744,0.007619899999117434,50,37.0,523.0,94.88,50,0.0,486.0,57.88,50
backtracking,1,2,38.0,0.0063831000006757,0.0129026999929919,0.007176617998629762,50,38.0,377.0,75.48,50,0.0,339.0,37.48,50
backtracking,1,2,39.0,0.0063088000169955,0.026567899971269,0.007959403998684094,50,40.0,1097.0,118.3,50,1.0,1058.0,79.3,50
backtracking,1,2,40.0,0.006601299974136,0.0339852999895811,0.008866164003265974,50,44.0,1491.0,160.24,50,4.0,1451.0,120.24,50
backtracking,1,2,41.0,0.006379900034517,0.0158912999904714,0.008695077997399454,50,42.0,545.0,153.74,50,1.0,504.0,112.74,50
backtracking,1,2,42.0,0.0065244000288657,0.0220286000403575,0.009393926005577619,50,48.0,883.0,192.1,50,6.0,841.0,150.1,50
backtracking,1,2,43.0,0.0064735999912954,0.0217747999704442,0.010299280002945993,50,47.0,816.0,229.04,50,4.0,773.0,186.04,50
backtracking,1,2,44.0,0.0065704999724403,0.0804752999683842,0.014547849997179545,50,55.0,3880.0,450.54,50,11.0,3836.0,406.54,50
backtracking,1,2,45.0,0.0066487000440247,0.1923984999884851,0.018293287999695124,50,52.0,9486.0,653.82,50,7.0,9441.0,608.82,50
backtracking,2,1,24.0,0.0057528000324964,0.0063766000093892,0.005970307999523312,50,24.0,38.0,26.06,50,0.0,14.0,2.06,50
backtracking,2,1,25.0,0.005848100001458,0.0072136999806389,0.006150366003857874,50,25.0,72.0,30.18,50,0.0,47.0,5.18,50
backtracking,2,1,26.0,0.0058115000138059,0.0073638999601826,0.006082244003191541,50,26.0,48.0,29.52,50,0.0,22.0,3.52,50
backtracking,2,1,27.0,0.0058127000229433,0.0071217999793589,0.006178820000495719,50,27.0,102.0,34.26,50,0.0,75.0,7.26,50
backtracking,2,1,28.0,0.0057927999878302,0.0072317000012844,0.006111610002117184,50,28.0,83.0,34.6,50,0.0,55.0,6.6,50
backtracking,2,1,29.0,0.0058622999931685,0.0074165000114589,0.006172192000085442,50,29.0,100.0,37.46,50,0.0,71.0,8.46,50
backtracking,2,1,30.0,0.0058046999620273,0.0076407000306062,0.006142835996579332,50,30.0,146.0,40.96,50,0.0,116.0,10.96,50
backtracking,2,1,31.0,0.0058498000144027,0.0068803000031039,0.006224201999139006,50,31.0,87.0,43.12,50,0.0,56.0,12.12,50
backtracking,2,1,32.0,0.0059075999888591,0.007521399995312,0.0062784420012030285,50,32.0,107.0,45.22,50,0.0,75.0,13.22,50
backtracking,2,1,33.0,0.0059205000288784,0.0072090000030584,0.006320610003313002,50,33.0,119.0,50.1,50,0.0,86.0,17.1,50
backtracking,2,1,34.0,0.0058401999995112,0.0080944999936036,0.006291858004406048,50,34.0,203.0,52.1,50,0.0,169.0,18.1,50
backtracking,2,1,35.0,0.0058585000224411,0.0071341000148095,0.006337085993727623,50,35.0,106.0,52.3,50,0.0,71.0,17.3,50
backtracking,2,1,36.0,0.0059133000322617,0.0112155000097118,0.0066233499976805854,50,36.0,447.0,76.8,50,0.0,411.0,40.8,50
backtracking,2,1,37.0,0.0059212999767623,0.0132052999688312,0.006646399997407524,50,37.0,541.0,74.82,50,0.0,504.0,37.82,50
backtracking,2,1,38.0,0.0061549000092782,0.0114135000039823,0.00709795799804847,50,39.0,376.0,91.66,50,1.0,338.0,53.66,50
backtracking,2,1,39.0,0.0063105999724939,0.0090563999838195,0.007183031993918074,50,40.0,233.0,89.64,50,1.0,194.0,50.64,50
backtracking,2,1,40.0,0.0063369999988935,0.0289022999932058,0.008247940004803193,50,43.0,1525.0,167.9,50,3.0,1485.0,127.9,50
backtracking,2,1,41.0,0.0063472999609075,0.0245702000102028,0.00803301800158801,50,42.0,1325.0,152.86,50,1.0,1284.0,111.86,50
backtracking,2,1,42.0,0.0062505999812856,0.0558466999791562,0.00976171799935397,50,52.0,3753.0,300.48,50,10.0,3711.0,258.48,50
backtracking,2,1,43.0,0.0061969999806024,0.0492466000141575,0.010707213996211018,50,43.0,3143.0,363.08,50,0.0,3100.0,320.08,50
backtracking,2,1,44.0,0.006174899986945,0.0404841999989002,0.01220755600254047,50,54.0,2567.0,492.9,50,10.0,2523.0,448.9,50
backtracking,2,1,45.0,0.0063326000235974,0.0410657000029459,0.011454210004303557,50,56.0,2546.0,431.18,50,11.0,2501.0,386.18,50
backtracking,2,2,24.0,0.0060281999758444,0.008216300047934,0.006429937998764172,50,24.0,47.0,26.52,50,0.0,23.0,2.52,50
backtracking,2,2,25.0,0.0059020000044256,0.0068311000359244,0.0062284480000379915,50,25.0,58.0,27.48,50,0.0,33.0,2.48,50
backtracking,2,2,26.0,0.0059755999827757,0.0067140999599359,0.006235725999576932,50,26.0,43.0,29.14,50,0.0,17.0,3.14,50
backtracking,2,2,27.0,0.0059924999950453,0.0076909000054001,0.00647637400310482,50,27.0,61.0,32.34,50,0.0,34.0,5.34,50
backtracking,2,2,28.0,0.0060730999684892,0.0078137000091373,0.0063799939956515565,50,28.0,68.0,33.92,50,0.0,40.0,5.92,50
backtracking,2,2,29.0,0.0060779000050388,0.0070186000084504,0.006338072000071364,50,29.0,79.0,37.04,50,0.0,50.0,8.04,50
backtracking,2,2,30.0,0.0060055000358261,0.0076034000376239,0.006401507995324161,50,30.0,106.0,40.62,50,0.0,76.0,10.62,50
backtracking,2,2,31.0,0.0060781000065617,0.0072928000008687,0.006535397999687081,50,31.0,69.0,42.1,50,0.0,38.0,11.1,50
backtracking,2,2,32.0,0.0060984000447206,0.0074696000083349,0.00648915199562903,50,32.0,91.0,44.54,50,0.0,59.0,12.54,50
backtracking,2,2,33.0,0.0059731999645009,0.007878900039941,0.006554884000215632,50,33.0,123.0,51.38,50,0.0,90.0,18.38,50
backtracking,2,2,34.0,0.0060240000020712,0.0135050000390037,0.006909038003068369,50,34.0,199.0,60.52,50,0.0,165.0,26.52,50
backtracking,2,2,35.0,0.0060429999721236,0.0077798999845981,0.006676461994647934,50,37.0,106.0,54.26,50,2.0,71.0,19.26,50
backtracking,2,2,36.0,0.0062882999773137,0.0082323999959044,0.006888502008514435,50,36.0,139.0,62.94,50,0.0,103.0,26.94,50
backtracking,2,2,37.0,0.0061779000097885,0.0142887000110931,0.00725755399907935,50,37.0,454.0,81.68,50,0.0,417.0,44.68,50
backtracking,2,2,38.0,0.0062026000232435,0.0131649000104516,0.007311755998525722,50,38.0,379.0,87.26,50,0.0,341.0,49.26,50
backtracking,2,2,39.0,0.0063636999693699,0.0158111999626271,0.0077292219910304535,50,44.0,471.0,107.48,50,5.0,432.0,68.48,50
backtracking,2,2,40.0,0.0065751000074669,0.0138406999758444,0.008388479999266518,50,43.0,429.0,136.74,50,3.0,389.0,96.74,50
backtracking,2,2,41.0,0.0064521000022068,0.0432556999730877,0.008806597999064213,50,44.0,1901.0,159.1,50,3.0,1860.0,118.1,50
backtracking,2,2,42.0,0.006353200005833,0.0873216000036336,0.012104237996973043,50,46.0,4087.0,330.92,50,4.0,4045.0,288.92,50
backtracking,2,2,43.0,0.0063763000071048,0.0723798999679274,0.013375383995007671,50,48.0,3418.0,382.9,50,5.0,3375.0,339.9,50
backtracking,2,2,44.0,0.0066640999866649,0.1188545000040903,0.015157119997311343,50,53.0,5595.0,476.7,50,9.0,5551.0,432.7,50
backtracking,2,2,45.0,0.0063879999797791,0.087622899969574,0.014130777999525841,50,49.0,4160.0,429.78,50,4.0,4115.0,384.78,50
backtracking,3,1,24.0,0.0580491999862715,0.0655236999737098,0.059700407993514046,50,24.0,107.0,34.1,50,0.0,83.0,10.1,50
backtracking,3,1,25.0,0.0579202999942936,0.061295399966184,0.05943908600020218,50,25.0,94.0,40.04,50,0.0,69.0,15.04,50
backtracking,3,1,26.0,0.058064299984835,0.0632795999990776,0.05959610199439335,50,26.0,95.0,38.8,50,0.0,69.0,12.8,50
backtracking,3,1,27.0,0.0581020000390708,0.0671598000335507,0.06064032800029959,50,27.0,195.0,56.06,50,0.0,168.0,29.06,50
backtracking,3,1,28.0,0.0579408999765291,0.062491399992723,0.059870195994153566,50,28.0,139.0,51.08,50,0.0,111.0,23.08,50
backtracking,3,1,29.0,0.0582985000219196,0.0691250000381842,0.06075726399780248,50,29.0,241.0,73.2,50,0.0,212.0,44.2,50
backtracking,3,1,30.0,0.0578805000404827,0.0668231000308878,0.06076205999706867,50,30.0,284.0,83.94,50,0.0,254.0,53.94,50
backtracking,3,1,31.0,0.0583863999927416,0.0681717999977991,0.06163486200035545,50,31.0,384.0,133.6,50,0.0,353.0,102.6,50
backtracking,3,1,32.0,0.0589284999878145,0.0773567999713122,0.06233031999785449,50,32.0,677.0,148.1,50,0.0,645.0,116.1,50
backtracking,3,1,33.0,0.0578844999545253,0.0833652000292204,0.06406115600257176,50,33.0,1089.0,225.88,50,0.0,1056.0,192.88,50
backtracking,3,1,34.0,0.0587318000034429,0.0939644000027328,0.06611068799858909,50,34.0,1369.0,297.24,50,0.0,1335.0,263.24,50
backtracking,3,1,35.0,0.0585195000167004,0.0860547000193037,0.06487446000450285,50,39.0,1143.0,269.58,50,4.0,1108.0,234.58,50
backtracking,3,1,36.0,0.0594207000103779,0.1592759999912232,0.07663516599801365,50,36.0,4193.0,749.12,50,0.0,4157.0,713.12,50
backtracking,3,1,37.0,0.0591569999814964,0.383273699961137,0.0868402800057083,50,48.0,12848.0,1176.34,50,11.0,12811.0,1139.34,50
backtracking,3,1,38.0,0.0581694999709725,0.1932456999784335,0.08585743798874315,50,47.0,5566.0,1152.22,50,9.0,5528.0,1114.22,50
backtracking,3,1,39.0,0.0586007999954745,0.2524628000101074,0.10637444000341924,50,39.0,8071.0,2002.82,50,0.0,8032.0,1963.82,50
backtracking,3,1,40.0,0.0590557999676093,0.4236056000227108,0.15086041799513616,50,89.0,15494.0,3843.32,50,49.0,15454.0,3803.32,50
backtracking,3,1,41.0,0.0607028000522404,1.1305978999589568,0.21498470399528738,50,95.0,43734.0,6542.34,50,54.0,43693.0,6501.34,50
backtracking,3,1,42.0,0.0677055999985896,1.8646102999919092,0.41679940000176424,50,396.0,76035.0,15069.18,50,354.0,75993.0,15027.18,50
backtracking,3,1,43.0,0.0617239999701269,4.027889899967704,0.5204803679988254,50,172.0,169254.0,19339.54,50,129.0,169211.0,19296.54,50
backtracking,3,1,44.0,0.0791833000257611,6.622465600026771,1.4228648040094414,50,891.0,267461.0,57359.28,50,847.0,267417.0,57315.28,50
backtracking,3,1,45.0,0.0671983000356704,18.48670160002075,2.493598589999601,50,356.0,793206.0,100675.96,50,311.0,793161.0,100630.96,50
backtracking,3,2,24.0,0.057378500001505,0.0687837000004947,0.06245600599911991,50,24.0,105.0,40.14,50,0.0,81.0,16.14,50
backtracking,3,2,25.0,0.0589444000506773,0.0771799000212922,0.06303355999989431,50,25.0,71.0,36.46,50,0.0,46.0,11.46,50
backtracking,3,2,26.0,0.0582759999670088,0.0692530000233091,0.06275419000186953,50,26.0,187.0,45.48,50,0.0,161.0,19.48,50
backtracking,3,2,27.0,0.0604961999924853,0.0706544999848119,0.06327079599956047,50,27.0,245.0,59.8,50,0.0,218.0,32.8,50
backtracking,3,2,28.0,0.0588715000194497,0.0763098999741487,0.06325739199761297,50,28.0,157.0,51.72,50,0.0,129.0,23.72,50
backtracking,3,2,29.0,0.0589755999972112,0.0726348999887704,0.06317439999897029,50,29.0,249.0,68.22,50,0.0,220.0,39.22,50
backtracking,3,2,30.0,0.0592855000286363,0.0892087999964132,0.0649548859975766,50,30.0,287.0,93.28,50,0.0,257.0,63.28,50
backtracking,3,2,31.0,0.0579248999711126,0.0865355000132694,0.06544156800489867,50,31.0,509.0,137.76,50,0.0,478.0,106.76,50
backtracking,3,2,32.0,0.0605806999956257,0.0784899999853223,0.06505882600555192,50,32.0,641.0,136.32,50,0.0,609.0,104.32,50
backtracking,3,2,33.0,0.0585181000060401,0.0885444000014103,0.06845254199346523,50,33.0,966.0,244.04,50,0.0,933.0,211.04,50
backtracking,3,2,34.0,0.0599444000399671,0.1280140000162646,0.07168362400494512,50,34.0,2145.0,311.84,50,0.0,2111.0,277.84,50
backtracking,3,2,35.0,0.0614243000163696,0.1028348000254482,0.06987294199760066,50,35.0,1359.0,245.2,50,0.0,1324.0,210.2,50
backtracking,3,2,36.0,0.0621134000248275,0.1832447999622672,0.0837314019957557,50,65.0,3944.0,745.24,50,29.0,3908.0,709.24,50
backtracking,3,2,37.0,0.0604331999784335,0.1803922999533824,0.08232118200277906,50,47.0,4148.0,737.78,50,10.0,4111.0,700.78,50
backtracking,3,2,38.0,0.0604284000000916,0.3072157999849878,0.09415743999765251,50,54.0,8361.0,1160.12,50,16.0,8323.0,1122.12,50
backtracking,3,2,39.0,0.0594156999723054,0.4162666999618522,0.12587045200052668,50,49.0,12186.0,2212.54,50,10.0,12147.0,2173.54,50
backtracking,3,2,40.0,0.0703024999820627,1.0243706000037491,0.19329999599838626,50,323.0,30796.0,4303.06,50,283.0,30756.0,4263.06,50
backtracking,3,2,41.0,0.0635159999947063,1.6303835000144316,0.31013160999631506,50,161.0,52536.0,8139.82,50,120.0,52495.0,8098.82,50
backtracking,3,2,42.0,0.0661008000024594,2.753631299943663,0.47190606599673623,50,83.0,88336.0,13414.7,50,41.0,88294.0,13372.7,50
backtracking,3,2,43.0,0.0709147999878041,23.629522899980657,1.421222617996391,50,342.0,809988.0,45374.78,50,299.0,809945.0,45331.78,50
backtracking,3,2,44.0,0.0680568999960087,10.54154100001324,1.7250152619997972,50,297.0,353537.0,55404.9,50,253.0,353493.0,55360.9,50
backtracking,3,2,45.0,0.2441047999891452,15.32863309996901,2.9000895380007568,50,5643.0,511028.0,89974.72,50,5598.0,510983.0,89929.72,50
backtracking,4,1,24.0,0.0118905000272207,0.0218721000128425,0.013400239999173162,50,24.0,41.0,26.18,50,0.0,17.0,2.18,50
backtracking,4,1,25.0,0.0119676999747753,0.0201781999785453,0.013907674000365612,50,25.0,57.0,30.54,50,0.0,32.0,5.54,50
backtracking,4,1,26.0,0.0119881000136956,0.026676999987103,0.01792665400076653,50,26.0,48.0,29.8,50,0.0,22.0,3.8,50
backtracking,4,1,27.0,0.0138423999887891,0.0271576999803073,0.019696089994395104,50,27.0,80.0,32.74,50,0.0,53.0,5.74,50
backtracking,4,1,28.0,0.0130164999864064,0.0258938000188209,0.01748450999963093,50,28.0,103.0,36.18,50,0.0,75.0,8.18,50
backtracking,4,1,29.0,0.0126028999802656,0.0211922000162303,0.01501223399653095,50,29.0,80.0,37.28,50,0.0,51.0,8.28,50
backtracking,4,1,30.0,0.012327299977187,0.0219084999989718,0.013673473993549082,50,30.0,431.0,51.58,50,0.0,401.0,21.58,50
backtracking,4,1,31.0,0.0121930000022985,0.0184419000288471,0.013165936000877943,50,31.0,100.0,44.82,50,0.0,69.0,13.82,50
backtracking,4,1,32.0,0.0122229999979026,0.0170160999987274,0.013300030003301757,50,32.0,105.0,46.76,50,0.0,73.0,14.76,50
backtracking,4,1,33.0,0.0121008999994956,0.0172706000157631,0.013310403998475478,50,33.0,181.0,51.14,50,0.0,148.0,18.14,50
backtracking,4,1,34.0,0.0121306999935768,0.0149652999825775,0.013050486000720367,50,34.0,106.0,50.44,50,0.0,72.0,16.44,50
backtracking,4,1,35.0,0.0119917999836616,0.0196586999809369,0.013501854002242863,50,35.0,153.0,56.24,50,0.0,118.0,21.24,50
backtracking,4,1,36.0,0.0123031000257469,0.0201852999744005,0.013534300001338082,50,37.0,221.0,75.34,50,1.0,185.0,39.34,50
backtracking,4,1,37.0,0.0122104000183753,0.0188868999830447,0.013915642000501936,50,37.0,339.0,83.22,50,0.0,302.0,46.22,50
backtracking,4,1,38.0,0.0124632999650202,0.0190880000009201,0.01430070199421603,50,38.0,414.0,98.34,50,0.0,376.0,60.34,50
backtracking,4,1,39.0,0.0123098000185564,0.0236677999491803,0.01479112400207664,50,40.0,662.0,106.14,50,1.0,623.0,67.14,50
backtracking,4,1,40.0,0.0123598999925889,0.0232492000213824,0.015268792008282574,50,42.0,719.0,162.98,50,2.0,679.0,122.98,50
backtracking,4,1,41.0,0.0126508999965153,0.0304222999839112,0.01532102800440039,50,46.0,1192.0,162.86,50,5.0,1151.0,121.86,50
backtracking,4,1,42.0,0.0128337999922223,0.0424742000177502,0.017082445997511932,50,46.0,1358.0,228.3,50,4.0,1316.0,186.3,50
backtracking,4,1,43.0,0.0129458999726921,0.0473647000035271,0.017254119999706705,50,48.0,1943.0,276.32,50,5.0,1900.0,233.32,50
backtracking,4,1,44.0,0.0130574000068008,0.0753084000316448,0.02347019599750633,50,51.0,3614.0,613.48,50,7.0,3570.0,569.48,50
backtracking,4,1,45.0,0.0128320999792777,0.1187455999897792,0.02307285199407483,50,51.0,7196.0,599.82,50,6.0,7151.0,554.82,50
backtracking,4,2,24.0,0.0118871000013314,0.0179289000225253,0.013028174001956312,50,24.0,50.0,27.28,50,0.0,26.0,3.28,50
backtracking,4,2,25.0,0.0121029000147245,0.0194461999926716,0.01385875600390132,50,25.0,79.0,29.44,50,0.0,54.0,4.44,50
backtracking,4,2,26.0,0.0118340000044554,0.0190399999846704,0.013321761992992785,50,26.0,41.0,28.58,50,0.0,15.0,2.58,50
backtracking,4,2,27.0,0.0121172000071965,0.0194686999893747,0.013361194005701647,50,27.0,65.0,33.1,50,0.0,38.0,6.1,50
backtracking,4,2,28.0,0.011988999962341,0.0180113000096753,0.013259560000151353,50,28.0,124.0,36.4,50,0.0,96.0,8.4,50
backtracking,4,2,29.0,0.0122295000473968,0.0195351000293158,0.013475030001718513,50,29.0,91.0,38.64,50,0.0,62.0,9.64,50
backtracking,4,2,30.0,0.0122911999933421,0.0226080000284127,0.013441125999670425,50,30.0,376.0,51.42,50,0.0,346.0,21.42,50
backtracking,4,2,31.0,0.0120778999989852,0.0191864999942481,0.013466852004639769,50,31.0,98.0,45.42,50,0.0,67.0,14.42,50
backtracking,4,2,32.0,0.01210190000711,0.0181202000239864,0.013231930002802943,50,32.0,105.0,44.26,50,0.0,73.0,12.26,50
backtracking,4,2,33.0,0.0123759999987669,0.0161774000152945,0.01339115199982184,50,33.0,109.0,46.28,50,0.0,76.0,13.28,50
backtracking,4,2,34.0,0.0122537999995984,0.0167764000361785,0.013501399999950042,50,34.0,155.0,57.6,50,0.0,121.0,23.6,50
backtracking,4,2,35.0,0.0122786999563686,0.0200089000281877,0.013977291997289238,50,35.0,156.0,59.56,50,0.0,121.0,24.56,50
backtracking,4,2,36.0,0.0124559999676421,0.0214238999760709,0.014122187995817471,50,36.0,455.0,80.18,50,0.0,419.0,44.18,50
backtracking,4,2,37.0,0.0124337999732233,0.0234805999789387,0.014602464000927245,50,37.0,408.0,80.88,50,0.0,371.0,43.88,50
backtracking,4,2,38.0,0.0127057000063359,0.0215819000150077,0.014887405995977997,50,42.0,303.0,94.06,50,4.0,265.0,56.06,50
backtracking,4,2,39.0,0.0130263000028207,0.0202317000366747,0.014910876004723784,50,39.0,274.0,82.9,50,0.0,235.0,43.9,50
backtracking,4,2,40.0,0.0131959000136703,0.0249689000193029,0.015722551996586797,50,43.0,540.0,126.38,50,3.0,500.0,86.38,50
backtracking,4,2,41.0,0.0127015000325627,0.0462143000331707,0.017181877999100786,50,43.0,1477.0,177.64,50,2.0,1436.0,136.64,50
backtracking,4,2,42.0,0.0142038000049069,0.0543354999972507,0.022570768005680256,50,46.0,1230.0,216.06,50,4.0,1188.0,174.06,50
backtracking,4,2,43.0,0.0133854000014253,0.0398220000206492,0.019592767999274608,50,43.0,1059.0,245.2,50,0.0,1016.0,202.2,50
backtracking,4,2,44.0,0.0130146000301465,0.1026757999788969,0.02411412999732416,50,54.0,3412.0,465.12,50,10.0,3368.0,421.12,50
backtracking,4,2,45.0,0.0135379999992437,0.3714577000355348,0.034381357997190165,50,46.0,14658.0,874.48,50,1.0,14613.0,829.48,50
backtracking,5,1,24.0,0.0122445000451989,0.0190218000207096,0.013519318001344755,50,24.0,41.0,25.86,50,0.0,17.0,1.86,50
backtracking,5,1,25.0,0.0121817999752238,0.0173749000532552,0.01314367999788369,50,25.0,50.0,30.36,50,0.0,25.0,5.36,50
backtracking,5,1,26.0,0.0120069000404328,0.0165515000117011,0.013244180000619922,50,26.0,53.0,30.46,50,0.0,27.0,4.46,50
backtracking,5,1,27.0,0.0118918999796733,0.0165331999887712,0.01303208000143054,50,27.0,64.0,31.94,50,0.0,37.0,4.94,50
backtracking,5,1,28.0,0.0119566000066697,0.0184039000305347,0.013298756004078278,50,28.0,103.0,36.34,50,0.0,75.0,8.34,50
backtracking,5,1,29.0,0.0117725000018253,0.0241232000407762,0.013739516002824486,50,29.0,68.0,36.5,50,0.0,39.0,7.5,50
backtracking,5,1,30.0,0.0121335000148974,0.0189825000124983,0.013430470000021108,50,30.0,111.0,42.44,50,0.0,81.0,12.44,50
backtracking,5,1,31.0,0.011874399962835,0.0182980999816209,0.013774155996506996,50,31.0,160.0,45.16,50,0.0,129.0,14.16,50
backtracking,5,1,32.0,0.0126657999935559,0.021091400005389,0.014506921998690765,50,32.0,124.0,46.0,50,0.0,92.0,14.0,50
backtracking,5,1,33.0,0.0124571000342257,0.018852400011383,0.01395567000494334,50,33.0,195.0,50.56,50,0.0,162.0,17.56,50
backtracking,5,1,34.0,0.0123625000123865,0.0208084000041708,0.013695193998282727,50,34.0,132.0,49.86,50,0.0,98.0,15.86,50
backtracking,5,1,35.0,0.012593499966897,0.0188154999632388,0.013731036001117851,50,35.0,150.0,58.26,50,0.0,115.0,23.26,50
backtracking,5,1,36.0,0.0126407000352628,0.0201596000115387,0.014225822004955216,50,37.0,216.0,77.74,50,1.0,180.0,41.74,50
backtracking,5,1,37.0,0.012500699958764,0.0247895999928005,0.014915366000495806,50,37.0,346.0,83.86,50,0.0,309.0,46.86,50
backtracking,5,1,38.0,0.0122391000040806,0.0261979000060819,0.014837330003501802,50,38.0,432.0,98.12,50,0.0,394.0,60.12,50
backtracking,5,1,39.0,0.0128699000342749,0.0271195999812334,0.015905236002290577,50,41.0,793.0,100.32,50,2.0,754.0,61.32,50
backtracking,5,1,40.0,0.013244499976281,0.0269834999926388,0.017373544001020445,50,43.0,742.0,170.2,50,3.0,702.0,130.2,50
backtracking,5,1,41.0,0.0127555999788455,0.0365640999516472,0.016848250001203227,50,45.0,1264.0,164.7,50,4.0,1223.0,123.7,50
backtracking,5,1,42.0,0.0130860999925062,0.0257773000048473,0.01697188400197771,50,46.0,654.0,205.64,50,4.0,612.0,163.64,50
backtracking,5,1,43.0,0.0131831999751739,0.045165299961809,0.019234086000360508,50,43.0,1547.0,251.88,50,0.0,1504.0,208.88,50
backtracking,5,1,44.0,0.013008699985221,0.0744900000281631,0.022400706004118504,50,49.0,2883.0,479.58,50,5.0,2839.0,435.58,50
backtracking,5,1,45.0,0.0126748999464325,0.1353939999826252,0.02383069999865252,50,53.0,7717.0,547.26,50,8.0,7672.0,502.26,50
backtracking,5,2,24.0,0.013138499984052,0.0236544000217691,0.015127910000737712,50,24.0,45.0,26.68,50,0.0,21.0,2.68,50
backtracking,5,2,25.0,0.0128279000055044,0.0253484999993816,0.015830307999858587,50,25.0,42.0,28.22,50,0.0,17.0,3.22,50
backtracking,5,2,26.0,0.0127515999483875,0.0187198999919928,0.014352763998322143,50,26.0,54.0,29.98,50,0.0,28.0,3.98,50
backtracking,5,2,27.0,0.0128534999676048,0.0198760000057518,0.014990168003132527,50,27.0,61.0,33.14,50,0.0,34.0,6.14,50
backtracking,5,2,28.0,0.0128441000124439,0.0280014000018127,0.015177081999136094,50,28.0,140.0,37.04,50,0.0,112.0,9.04,50
backtracking,5,2,29.0,0.0130179999978281,0.0224204999976791,0.014910974000813397,50,29.0,73.0,35.46,50,0.0,44.0,6.46,50
backtracking,5,2,30.0,0.0124188999761827,0.0220445999875664,0.014779061998706272,50,30.0,111.0,40.2,50,0.0,81.0,10.2,50
backtracking,5,2,31.0,0.0126779999700374,0.0176749000092968,0.014338070001685948,50,31.0,111.0,44.22,50,0.0,80.0,13.22,50
backtracking,5,2,32.0,0.012853099964559,0.0208046999759972,0.014470175997121217,50,32.0,133.0,49.78,50,0.0,101.0,17.78,50
backtracking,5,2,33.0,0.012985999986995,0.0241081000422127,0.014968977997777936,50,33.0,218.0,49.92,50,0.0,185.0,16.92,50
backtracking,5,2,34.0,0.0129779999842867,0.0235272000427357,0.015499992002733004,50,34.0,233.0,59.4,50,0.0,199.0,25.4,50
backtracking,5,2,35.0,0.0123525999952107,0.0181382000446319,0.0142324340017512,50,35.0,235.0,70.88,50,0.0,200.0,35.88,50
backtracking,5,2,36.0,0.0127877000486478,0.0325102999922819,0.014565113999415147,50,36.0,911.0,87.12,50,0.0,875.0,51.12,50
backtracking,5,2,37.0,0.0123839000007137,0.0195546000031754,0.014278167997254017,50,38.0,271.0,81.34,50,1.0,234.0,44.34,50
backtracking,5,2,38.0,0.0124882000382058,0.0210056999931111,0.01511383799370374,50,39.0,348.0,101.54,50,1.0,310.0,63.54,50
backtracking,5,2,39.0,0.0123731000348925,0.0491765000042505,0.015376640007598284,50,40.0,1519.0,122.2,50,1.0,1480.0,83.2,50
backtracking,5,2,40.0,0.0125743999960832,0.0260484999744221,0.016877043995773375,50,43.0,537.0,140.32,50,3.0,497.0,100.32,50
backtracking,5,2,41.0,0.0125526000047102,0.0296234000124968,0.016699042001273444,50,43.0,642.0,138.28,50,2.0,601.0,97.28,50
backtracking,5,2,42.0,0.0126672000042162,0.0309216000023298,0.016888571997405913,50,45.0,554.0,154.34,50,3.0,512.0,112.34,50
backtracking,5,2,43.0,0.0133552000042982,0.0605574999935925,0.02000020200037393,50,49.0,1962.0,260.22,50,6.0,1919.0,217.22,50
backtracking,5,2,44.0,0.0140253999852575,0.1104584999848157,0.024202623995952265,50,53.0,3872.0,432.98,50,9.0,3828.0,388.98,50
backtracking,5,2,45.0,0.0135957000311464,0.2806715999613516,0.03301633599447082,50,52.0,10210.0,725.04,50,7.0,10165.0,680.04,50
backtracking,6,1,24.0,0.0121300999890081,0.0160060000489465,0.013234024002449536,50,24.0,41.0,26.34,50,0.0,17.0,2.34,50
backtracking,6,1,25.0,0.0118891999591141,0.0163312000222504,0.01323542999685738,50,25.0,50.0,30.66,50,0.0,25.0,5.66,50
backtracking,6,1,26.0,0.0119841999839991,0.0183203999768011,0.013477237997576557,50,26.0,57.0,31.12,50,0.0,31.0,5.12,50
backtracking,6,1,27.0,0.0118393000448122,0.0158960999688133,0.0128015440003946,50,27.0,75.0,34.24,50,0.0,48.0,7.24,50
backtracking,6,1,28.0,0.0122001999989152,0.0149578999844379,0.01311514400644223,50,28.0,105.0,36.86,50,0.0,77.0,8.86,50
backtracking,6,1,29.0,0.0122697000042535,0.0193212999729439,0.013435381999006455,50,29.0,102.0,36.3,50,0.0,73.0,7.3,50
backtracking,6,1,30.0,0.012234499969054,0.0185426999814808,0.013470322001958216,50,30.0,126.0,44.92,50,0.0,96.0,14.92,50
backtracking,6,1,31.0,0.0123722000280395,0.0170101000112481,0.013758325997041496,50,31.0,209.0,48.08,50,0.0,178.0,17.08,50
backtracking,6,1,32.0,0.0125522000016644,0.0166546000400558,0.013572715999325698,50,32.0,138.0,46.18,50,0.0,106.0,14.18,50
backtracking,6,1,33.0,0.0125126999919302,0.0264995999750681,0.014243193991715053,50,33.0,197.0,52.78,50,0.0,164.0,19.78,50
backtracking,6,1,34.0,0.0126418999861925,0.0188048000563867,0.01411247000098224,50,34.0,155.0,55.2,50,0.0,121.0,21.2,50
backtracking,6,1,35.0,0.0122521999874152,0.0181632000021636,0.014160241995705244,50,35.0,174.0,60.26,50,0.0,139.0,25.26,50
backtracking,6,1,36.0,0.0121377999894321,0.0240274000097997,0.014120888002216767,50,36.0,343.0,87.28,50,0.0,307.0,51.28,50
backtracking,6,1,37.0,0.0125403000274673,0.0233356000389903,0.014627754004904958,50,39.0,353.0,98.24,50,2.0,316.0,61.24,50
backtracking,6,1,38.0,0.0124108999734744,0.0235547000193037,0.015110513995168688,50,42.0,376.0,104.2,50,4.0,338.0,66.2,50
backtracking,6,1,39.0,0.0122527999919839,0.0230844999896362,0.01419247600133527,50,39.0,635.0,98.94,50,0.0,596.0,59.94,50
backtracking,6,1,40.0,0.012311500031501,0.0232901000417769,0.01576256000786084,50,44.0,780.0,187.38,50,4.0,740.0,147.38,50
backtracking,6,1,41.0,0.0125841000117361,0.0331927000079304,0.01623698200797658,50,48.0,1396.0,208.02,50,7.0,1355.0,167.02,50
backtracking,6,1,42.0,0.0126340999850072,0.0348835000186227,0.017137359994230744,50,45.0,1216.0,245.8,50,3.0,1174.0,203.8,50
backtracking,6,1,43.0,0.0128517000121064,0.048982199979946,0.019089549997588568,50,47.0,1827.0,328.42,50,4.0,1784.0,285.42,50
backtracking,6,1,44.0,0.0131642000051215,0.1108949999907054,0.02384607600164595,50,47.0,5034.0,638.08,50,3.0,4990.0,594.08,50
backtracking,6,1,45.0,0.0132769999909214,0.1357088999939151,0.02569368400028902,50,51.0,8298.0,752.58,50,6.0,8253.0,707.58,50
backtracking,6,2,24.0,0.0125384000129997,0.0150734000490047,0.013377999999793208,50,24.0,47.0,26.22,50,0.0,23.0,2.22,50
backtracking,6,2,25.0,0.0123799999710172,0.0194933000020682,0.01374028399703088,50,25.0,52.0,29.06,50,0.0,27.0,4.06,50
backtracking,6,2,26.0,0.0124423000379465,0.0192641000030562,0.013879471998661711,50,26.0,51.0,29.74,50,0.0,25.0,3.74,50
backtracking,6,2,27.0,0.0121201999718323,0.0178634999901987,0.014014197995420495,50,27.0,67.0,33.82,50,0.0,40.0,6.82,50
backtracking,6,2,28.0,0.0121431999723427,0.017578599974513,0.013403213997371448,50,28.0,124.0,33.9,50,0.0,96.0,5.9,50
backtracking,6,2,29.0,0.0121206000330857,0.0155815000180155,0.01323044799501072,50,29.0,81.0,36.68,50,0.0,52.0,7.68,50
backtracking,6,2,30.0,0.0122764000552706,0.0157641000114381,0.013444135999306992,50,30.0,105.0,41.0,50,0.0,75.0,11.0,50
backtracking,6,2,31.0,0.0126026999787427,0.0204142000293359,0.013882563997758515,50,31.0,224.0,47.28,50,0.0,193.0,16.28,50
backtracking,6,2,32.0,0.0124584999866783,0.0210150000057183,0.014206313994945919,50,32.0,122.0,49.62,50,0.0,90.0,17.62,50
backtracking,6,2,33.0,0.0124380000052042,0.0176571999909356,0.01399325400241646,50,33.0,170.0,50.18,50,0.0,137.0,17.18,50
backtracking,6,2,34.0,0.0124211000511422,0.0203062999644316,0.014513948000967457,50,34.0,199.0,67.02,50,0.0,165.0,33.02,50
backtracking,6,2,35.0,0.0123425000347197,0.0195167000056244,0.01434424599981862,50,35.0,197.0,65.58,50,0.0,162.0,30.58,50
backtracking,6,2,36.0,0.0127163000288419,0.0366677000420168,0.015845720004290294,50,36.0,1053.0,111.3,50,0.0,1017.0,75.3,50
backtracking,6,2,37.0,0.0127571999910287,0.0248845999594777,0.015330185997299803,50,38.0,495.0,100.7,50,1.0,458.0,63.7,50
backtracking,6,2,38.0,0.0127496999921277,0.0228092999896034,0.014900763999903534,50,41.0,270.0,92.66,50,3.0,232.0,54.66,50
backtracking,6,2,39.0,0.0125864000292494,0.0352912999805994,0.015638066006358663,50,39.0,934.0,114.42,50,0.0,895.0,75.42,50
backtracking,6,2,40.0,0.012604099989403,0.0612402000115253,0.017738141999579914,50,42.0,2099.0,208.38,50,2.0,2059.0,168.38,50
backtracking,6,2,41.0,0.012996400007978,0.1021109000430442,0.02098181800101879,50,51.0,3081.0,295.8,50,10.0,3040.0,254.8,50
backtracking,6,2,42.0,0.0130826000240631,0.0415351000265218,0.018086136000929353,50,47.0,1271.0,225.98,50,5.0,1229.0,183.98,50
backtracking,6,2,43.0,0.0131975999684073,0.2379251000238582,0.025248231998411898,50,49.0,8412.0,487.02,50,6.0,8369.0,444.02,50
backtracking,6,2,44.0,0.0131505000172182,0.2034661000361666,0.026519979999866296,50,48.0,8224.0,568.04,50,4.0,8180.0,524.04,50
backtracking,6,2,45.0,0.0129465000354684,0.2712710999767296,0.028967710001161284,50,51.0,9283.0,623.7,50,6.0,9238.0,578.7,50
backtracking,7,1,24.0,0.0120082999928854,0.0196138000464998,0.013234496002551128,50,24.0,45.0,26.04,50,0.0,21.0,2.04,50
backtracking,7,1,25.0,0.0120769999921321,0.0190454000257886,0.013412785994587412,50,25.0,80.0,30.36,50,0.0,55.0,5.36,50
backtracking,7,1,26.0,0.0120782000012695,0.0199570999830029,0.013259513999801083,50,26.0,54.0,29.78,50,0.0,28.0,3.78,50
backtracking,7,1,27.0,0.0118582000141032,0.0175858000293374,0.013054656003368977,50,27.0,78.0,32.34,50,0.0,51.0,5.34,50
backtracking,7,1,28.0,0.0120454000425525,0.0179556000512093,0.01341691400622944,50,28.0,112.0,37.4,50,0.0,84.0,9.4,50
backtracking,7,1,29.0,0.012384400004521,0.0200139000080525,0.013693678005365615,50,29.0,84.0,37.2,50,0.0,55.0,8.2,50
backtracking,7,1,30.0,0.0121710000094026,0.0176074999617412,0.013388835992664057,50,30.0,157.0,43.62,50,0.0,127.0,13.62,50
backtracking,7,1,31.0,0.0122785000130534,0.0211317000212147,0.013648611992830366,50,31.0,74.0,43.22,50,0.0,43.0,12.22,50
backtracking,7,1,32.0,0.0121527000446803,0.0195329000125639,0.013490733994403805,50,32.0,112.0,44.6,50,0.0,80.0,12.6,50
backtracking,7,1,33.0,0.0122735999757424,0.0195809999713674,0.013680736001115254,50,34.0,160.0,51.64,50,1.0,127.0,18.64,50
backtracking,7,1,34.0,0.0120094000012613,0.0179346000077202,0.013644919999642253,50,34.0,113.0,49.94,50,0.0,79.0,15.94,50
backtracking,7,1,35.0,0.0121898000361397,0.0208957000286318,0.01383270000806074,50,35.0,138.0,54.88,50,0.0,103.0,19.88,50
backtracking,7,1,36.0,0.0124342000344768,0.0170302000478841,0.01386122399941082,50,37.0,255.0,74.34,50,1.0,219.0,38.34,50
backtracking,7,1,37.0,0.0123370999936014,0.018725500034634,0.014103210009634458,50,37.0,369.0,90.78,50,0.0,332.0,53.78,50
backtracking,7,1,38.0,0.0122956000268459,0.0276456999708898,0.014568334000650742,50,38.0,858.0,132.4,50,0.0,820.0,94.4,50
backtracking,7,1,39.0,0.0125352999893948,0.0258341000298969,0.014374867997830687,50,39.0,737.0,112.84,50,0.0,698.0,73.84,50
backtracking,7,1,40.0,0.0125520000001415,0.0244715000153519,0.015101594001753212,50,42.0,772.0,151.1,50,2.0,732.0,111.1,50
backtracking,7,1,41.0,0.012790800014045,0.0338918999768793,0.016389214004157063,50,43.0,1164.0,174.3,50,2.0,1123.0,133.3,50
backtracking,7,1,42.0,0.0131504000164568,0.0288597000180743,0.01639779399731192,50,47.0,905.0,204.08,50,5.0,863.0,162.08,50
backtracking,7,1,43.0,0.0127590000047348,0.0581896000076085,0.017932314003119197,50,43.0,2711.0,311.06,50,0.0,2668.0,268.06,50
backtracking,7,1,44.0,0.0128260999917984,0.0536598000326193,0.020348042000550733,50,48.0,2478.0,457.4,50,4.0,2434.0,413.4,50
backtracking,7,1,45.0,0.0131722000078298,0.1302497999859042,0.02323179600061845,50,56.0,7163.0,635.06,50,11.0,7118.0,590.06,50
backtracking,7,2,24.0,0.0124753999989479,0.0174687000107951,0.013259756000479638,50,24.0,48.0,27.4,50,0.0,24.0,3.4,50
backtracking,7,2,25.0,0.0119374000350944,0.0176969000021927,0.0133637520007323,50,25.0,85.0,28.7,50,0.0,60.0,3.7,50
backtracking,7,2,26.0,0.0122107999632135,0.0146286999806761,0.01302624800009648,50,26.0,58.0,30.58,50,0.0,32.0,4.58,50
backtracking,7,2,27.0,0.0122747999848797,0.018445800000336,0.013269299999810706,50,27.0,66.0,30.92,50,0.0,39.0,3.92,50
backtracking,7,2,28.0,0.0126600000075995,0.0192973000230267,0.013524325994076157,50,28.0,87.0,36.52,50,0.0,59.0,8.52,50
backtracking,7,2,29.0,0.0123008000082336,0.0182151999906636,0.013329140001442237,50,29.0,67.0,37.18,50,0.0,38.0,8.18,50
backtracking,7,2,30.0,0.0124090999597683,0.0194920999929308,0.01378304999903771,50,30.0,97.0,40.98,50,0.0,67.0,10.98,50
backtracking,7,2,31.0,0.0125799999805167,0.0199823000002652,0.013961302002426195,50,31.0,87.0,43.78,50,0.0,56.0,12.78,50
backtracking,7,2,32.0,0.0123417999711819,0.0168146999785676,0.013402945998823223,50,32.0,101.0,44.34,50,0.0,69.0,12.34,50
backtracking,7,2,33.0,0.0125502000446431,0.0167941999970935,0.013812400004826449,50,33.0,152.0,50.52,50,0.0,119.0,17.52,50
backtracking,7,2,34.0,0.0126573000452481,0.0257833999930881,0.01427795600495297,50,34.0,166.0,51.0,50,0.0,132.0,17.0,50
backtracking,7,2,35.0,0.0127364000072702,0.0194958000211045,0.014279833999462383,50,35.0,173.0,56.7,50,0.0,138.0,21.7,50
backtracking,7,2,36.0,0.0127719999873079,0.0268843999947421,0.01452645200188267,50,36.0,701.0,84.1,50,0.0,665.0,48.1,50
backtracking,7,2,37.0,0.0122544000041671,0.0232406000141054,0.014782143998891077,50,38.0,460.0,95.36,50,1.0,423.0,58.36,50
backtracking,7,2,38.0,0.0124454000033438,0.0292007999960333,0.01673003999749194,50,38.0,424.0,97.04,50,0.0,386.0,59.04,50
backtracking,7,2,39.0,0.0129841000307351,0.0299628999782726,0.016223215998616026,50,39.0,719.0,137.56,50,0.0,680.0,98.56,50
backtracking,7,2,40.0,0.0128928000340238,0.0513789000106044,0.01658671200973908,50,43.0,1543.0,168.68,50,3.0,1503.0,128.68,50
backtracking,7,2,41.0,0.0126117999898269,0.0339570000069215,0.016790974000468802,50,43.0,961.0,150.64,50,2.0,920.0,109.64,50
backtracking,7,2,42.0,0.0126434999983757,0.0424774999846704,0.01723147200187664,50,48.0,1261.0,188.92,50,6.0,1219.0,146.92,50
backtracking,7,2,43.0,0.0131754000321961,0.0865058000199496,0.020633557997643902,50,46.0,3022.0,335.24,50,3.0,2979.0,292.24,50
backtracking,7,2,44.0,0.0134734000312164,0.1470986999920569,0.02321291800122703,50,47.0,5847.0,457.66,50,3.0,5803.0,413.66,50
backtracking,7,2,45.0,0.0125684999511577,0.0685851000016555,0.0216148339991923,50,46.0,2339.0,385.7,50,1.0,2294.0,340.7,50
backtracking,8,1,24.0,0.0176463000243529,0.0241751000285148,0.019085690003121224,50,24.0,81.0,32.18,50,0.0,57.0,8.18,50
backtracking,8,1,25.0,0.0178563999943435,0.0286090000299736,0.020237602007109626,50,25.0,132.0,35.28,50,0.0,107.0,10.28,50
backtracking,8,1,26.0,0.017857400001958,0.0246537000057287,0.019084817996481387,50,26.0,70.0,41.4,50,0.0,44.0,15.4,50
backtracking,8,1,27.0,0.0176451999577693,0.026324399979785,0.01936939799925308,50,27.0,125.0,42.58,50,0.0,98.0,15.58,50
backtracking,8,1,28.0,0.0178624000400304,0.0251142000197432,0.019589154004352124,50,28.0,162.0,52.88,50,0.0,134.0,24.88,50
backtracking,8,1,29.0,0.0175786999752745,0.024628399987705,0.019255051997024517,50,29.0,143.0,52.06,50,0.0,114.0,23.06,50
backtracking,8,1,30.0,0.0180448000319302,0.0291300000390037,0.020070435997331475,50,30.0,573.0,79.86,50,0.0,543.0,49.86,50
backtracking,8,1,31.0,0.0178514999570325,0.0248405000311322,0.019890230003511488,50,31.0,300.0,79.7,50,0.0,269.0,48.7,50
backtracking,8,1,32.0,0.0178822000161744,0.0311528999591246,0.020217993999831332,50,32.0,704.0,97.58,50,0.0,672.0,65.58,50
backtracking,8,1,33.0,0.0181192999589256,0.0287342999945394,0.020965336004737725,50,33.0,452.0,131.12,50,0.0,419.0,98.12,50
backtracking,8,1,34.0,0.0177388999727554,0.0312426000018604,0.021012856001034325,50,34.0,620.0,121.5,50,0.0,586.0,87.5,50
backtracking,8,1,35.0,0.018299899995327,0.0374761999701149,0.021489047996001275,50,35.0,633.0,139.46,50,0.0,598.0,104.46,50
backtracking,8,1,36.0,0.0180526999756693,0.0432327999733388,0.022943599999416576,50,36.0,1224.0,226.2,50,0.0,1188.0,190.2,50
backtracking,8,1,37.0,0.0187332999776117,0.1732278999988921,0.027662196002202058,50,45.0,7627.0,460.82,50,8.0,7590.0,423.82,50
backtracking,8,1,38.0,0.0177362000104039,0.0610535999876447,0.024276222002226816,50,40.0,2139.0,296.62,50,2.0,2101.0,258.62,50
backtracking,8,1,39.0,0.0187453999533318,0.0945259000291116,0.028883655995596152,50,39.0,3895.0,521.1,50,0.0,3856.0,482.1,50
backtracking,8,1,40.0,0.0187599000055342,0.0859555000206455,0.03761806600261475,50,48.0,3220.0,914.12,50,8.0,3180.0,874.12,50
backtracking,8,1,41.0,0.0197618000092916,0.3623830999713391,0.056987975999945734,50,60.0,17457.0,1869.22,50,19.0,17416.0,1828.22,50
backtracking,8,1,42.0,0.0193793000071309,0.3013231000513769,0.061441037998301855,50,48.0,14152.0,2073.8,50,6.0,14110.0,2031.8,50
backtracking,8,1,43.0,0.0201423999969847,0.5689983000047504,0.08149172600125888,50,66.0,26942.0,3062.36,50,23.0,26899.0,3019.36,50
backtracking,8,1,44.0,0.0252887999522499,0.6828370000002905,0.14418400199851017,50,328.0,31895.0,6139.56,50,284.0,31851.0,6095.56,50
backtracking,8,1,45.0,0.0255286999745294,1.6150073999888264,0.2227867559995502,50,226.0,74259.0,9718.4,50,181.0,74214.0,9673.4,50
backtracking,8,2,24.0,0.0180097999982535,0.025155299983453,0.019534611999988516,50,24.0,89.0,33.72,50,0.0,65.0,9.72,50
backtracking,8,2,25.0,0.0179918999783694,0.02522539999336,0.01973853799398053,50,25.0,106.0,36.82,50,0.0,81.0,11.82,50
backtracking,8,2,26.0,0.0178927999804727,0.0232143000466749,0.0196841720025986,50,26.0,73.0,36.32,50,0.0,47.0,10.32,50
backtracking,8,2,27.0,0.0183019000105559,0.0259497000370174,0.019884773999219712,50,27.0,248.0,49.1,50,0.0,221.0,22.1,50
backtracking,8,2,28.0,0.0182519999798387,0.0241570000071078,0.019653070003259884,50,28.0,163.0,49.88,50,0.0,135.0,21.88,50
backtracking,8,2,29.0,0.0183001999976113,0.0242735000210814,0.020026393999578396,50,29.0,143.0,55.02,50,0.0,114.0,26.02,50
backtracking,8,2,30.0,0.017827000003308,0.0332913000020198,0.020706712000537614,50,30.0,545.0,77.34,50,0.0,515.0,47.34,50
backtracking,8,2,31.0,0.0184783000149764,0.0296483000274747,0.02058171400218266,50,31.0,414.0,87.32,50,0.0,383.0,56.32,50
backtracking,8,2,32.0,0.0183791000163182,0.0346398000256158,0.020848313998430918,50,32.0,646.0,91.18,50,0.0,614.0,59.18,50
backtracking,8,2,33.0,0.0187470999662764,0.0295800999738276,0.02139781600213604,50,34.0,437.0,100.6,50,1.0,404.0,67.6,50
backtracking,8,2,34.0,0.019169499981217,0.0458694000262767,0.02287408600444902,50,34.0,651.0,145.9,50,0.0,617.0,111.9,50
backtracking,8,2,35.0,0.0193206000258214,0.0323376000160351,0.022692052000202193,50,35.0,485.0,131.62,50,0.0,450.0,96.62,50
backtracking,8,2,36.0,0.0179931000457145,0.0406867999699898,0.025745645993156308,50,36.0,891.0,261.74,50,0.0,855.0,225.74,50
backtracking,8,2,37.0,0.018158399965614,0.161707799998112,0.02918714000261384,50,39.0,5700.0,413.86,50,2.0,5663.0,376.86,50
backtracking,8,2,38.0,0.0180068000336177,0.0503714000224135,0.02790869200369339,50,40.0,1140.0,364.92,50,2.0,1102.0,326.92,50
backtracking,8,2,39.0,0.0195227999938651,0.1254419999895617,0.0362382299941964,50,46.0,4021.0,647.7,50,7.0,3982.0,608.7,50
backtracking,8,2,40.0,0.0203282000147737,0.2543852000380866,0.04367687200079669,50,74.0,8998.0,940.38,50,34.0,8958.0,900.38,50
backtracking,8,2,41.0,0.0191980000236071,0.3195218999753706,0.06944458599784406,50,67.0,11518.0,1964.34,50,26.0,11477.0,1923.34,50
backtracking,8,2,42.0,0.0198314999579452,0.5184711999609135,0.08220300199580376,50,46.0,18848.0,2375.98,50,4.0,18806.0,2333.98,50
backtracking,8,2,43.0,0.0186890999902971,2.630252800008748,0.1643755300028715,50,51.0,99417.0,5474.16,50,8.0,99374.0,5431.16,50
backtracking,8,2,44.0,0.0200574999907985,0.6367715999949723,0.15833270000177432,50,87.0,23134.0,5091.52,50,43.0,23090.0,5047.52,50
backtracking,8,2,45.0,0.0226208000094629,1.9718661999795584,0.34127618000027715,50,79.0,73257.0,11856.52,50,34.0,73212.0,11811.52,50
backtracking,9,1,24.0,0.0122387000010348,0.0179701999877579,0.013193053998984352,50,24.0,52.0,26.54,50,0.0,28.0,2.54,50
backtracking,9,1,25.0,0.0124846000107936,0.0201769999694079,0.013718350005801724,50,25.0,56.0,30.02,50,0.0,31.0,5.02,50
backtracking,9,1,26.0,0.012353099999018,0.0159212000435218,0.012949574004160197,50,26.0,73.0,32.54,50,0.0,47.0,6.54,50
backtracking,9,1,27.0,0.012402199965436,0.0190099999890662,0.013323137994157108,50,27.0,91.0,34.92,50,0.0,64.0,7.92,50
backtracking,9,1,28.0,0.0122213999857194,0.0162419999833218,0.01318180599948387,50,28.0,273.0,41.38,50,0.0,245.0,13.38,50
backtracking,9,1,29.0,0.0122352000325918,0.0147022999590262,0.013073028001235753,50,29.0,119.0,39.38,50,0.0,90.0,10.38,50
backtracking,9,1,30.0,0.012219299969729,0.0182280000299215,0.013363348002312665,50,30.0,264.0,51.4,50,0.0,234.0,21.4,50
backtracking,9,1,31.0,0.0123508999822661,0.016439699975308,0.013290677999611897,50,31.0,133.0,54.66,50,0.0,102.0,23.66,50
backtracking,9,1,32.0,0.0124133999925106,0.0160952999722212,0.013404670003801543,50,32.0,212.0,54.32,50,0.0,180.0,22.32,50
backtracking,9,1,33.0,0.012616199965123,0.0206315999967046,0.013686376002151479,50,33.0,185.0,65.06,50,0.0,152.0,32.06,50
backtracking,9,1,34.0,0.0125897999969311,0.0188305000192485,0.013556448000017507,50,34.0,410.0,68.5,50,0.0,376.0,34.5,50
backtracking,9,1,35.0,0.0127841999637894,0.0163888999959453,0.013759625997627105,50,35.0,252.0,76.72,50,0.0,217.0,41.72,50
backtracking,9,1,36.0,0.0127425999962724,0.0189341000514105,0.014204098001355261,50,37.0,446.0,111.12,50,1.0,410.0,75.12,50
backtracking,9,1,37.0,0.0127269999939017,0.0237300000153482,0.01470428200089368,50,37.0,390.0,118.96,50,0.0,353.0,81.96,50
backtracking,9,1,38.0,0.0127915000193752,0.0443068000022321,0.016367119997739748,50,38.0,1931.0,237.98,50,0.0,1893.0,199.98,50
backtracking,9,1,39.0,0.0127769999671727,0.0487038000137545,0.01653749400051306,50,41.0,2055.0,238.34,50,2.0,2016.0,199.34,50
backtracking,9,1,40.0,0.0128916000248864,0.0524808000191114,0.0179877140000462,50,41.0,2301.0,329.16,50,1.0,2261.0,289.16,50
backtracking,9,1,41.0,0.0132401000009849,0.1657992000109516,0.024440748001215932,50,53.0,9440.0,720.18,50,12.0,9399.0,679.18,50
backtracking,9,1,42.0,0.0129183999961242,0.1920616999850608,0.025080557999899576,50,60.0,10871.0,740.38,50,18.0,10829.0,698.38,50
backtracking,9,1,43.0,0.0136034999741241,0.2736472000251524,0.03397872400120828,50,58.0,14766.0,1230.18,50,15.0,14723.0,1187.18,50
backtracking,9,1,44.0,0.0140535999671556,0.4386569000198505,0.0614215039950795,50,86.0,24103.0,2810.1,50,42.0,24059.0,2766.1,50
backtracking,9,1,45.0,0.012981400010176,0.3750262999674305,0.05002682200632985,50,45.0,20206.0,2141.6,50,0.0,20161.0,2096.6,50
backtracking,9,2,24.0,0.0123224999988451,0.0141601000213995,0.013110794001258868,50,24.0,76.0,29.48,50,0.0,52.0,5.48,50
backtracking,9,2,25.0,0.0121106000151485,0.0206566000124439,0.013715019999071914,50,25.0,73.0,30.4,50,0.0,48.0,5.4,50
backtracking,9,2,26.0,0.012367199989967,0.0177377000218257,0.013168228002032229,50,26.0,108.0,32.76,50,0.0,82.0,6.76,50
backtracking,9,2,27.0,0.0124335000291466,0.0144499000161886,0.01308698200387876,50,27.0,77.0,34.7,50,0.0,50.0,7.7,50
backtracking,9,2,28.0,0.0124560000258497,0.0161085000145249,0.013267600000835916,50,28.0,90.0,37.66,50,0.0,62.0,9.66,50
backtracking,9,2,29.0,0.0124802999780513,0.0184053999837487,0.013350448000710412,50,29.0,86.0,40.08,50,0.0,57.0,11.08,50
backtracking,9,2,30.0,0.0126809999928809,0.0168470999924466,0.013641557998489541,50,30.0,193.0,48.58,50,0.0,163.0,18.58,50
backtracking,9,2,31.0,0.0126538999611511,0.0200596000067889,0.013973451997153412,50,31.0,201.0,58.44,50,0.0,170.0,27.44,50
backtracking,9,2,32.0,0.0124205999891273,0.0163796000415459,0.013685700000496532,50,32.0,152.0,54.52,50,0.0,120.0,22.52,50
backtracking,9,2,33.0,0.0127235000254586,0.0175798999844119,0.014059848000761077,50,33.0,216.0,68.8,50,0.0,183.0,35.8,50
backtracking,9,2,34.0,0.0127818000037223,0.0176181999850086,0.01417990800575349,50,35.0,201.0,69.06,50,1.0,167.0,35.06,50
backtracking,9,2,35.0,0.0128700000350363,0.0185364999924786,0.014513437999412373,50,35.0,237.0,88.72,50,0.0,202.0,53.72,50
backtracking,9,2,36.0,0.0125263000372797,0.0250819000066258,0.014676128004211888,50,36.0,557.0,100.44,50,0.0,521.0,64.44,50
backtracking,9,2,37.0,0.0128304000245407,0.022393400024157,0.015070666003739418,50,37.0,460.0,113.8,50,0.0,423.0,76.8,50
backtracking,9,2,38.0,0.0129693999770097,0.0584010999882593,0.017392360002268053,50,38.0,1930.0,216.14,50,0.0,1892.0,178.14,50
backtracking,9,2,39.0,0.0127708999789319,0.0390282000298611,0.01714936000527809,50,42.0,1110.0,200.88,50,3.0,1071.0,161.88,50
backtracking,9,2,40.0,0.0131534999818541,0.2557100999983958,0.022811612000223205,50,48.0,9992.0,436.22,50,8.0,9952.0,396.22,50
backtracking,9,2,41.0,0.0129456000286154,0.2031216000323183,0.03249181399703953,50,41.0,8080.0,813.1,50,0.0,8039.0,772.1,50
backtracking,9,2,42.0,0.0132380999857559,0.1425200999947264,0.026184664003085292,50,49.0,5128.0,562.62,50,7.0,5086.0,520.62,50
backtracking,9,2,43.0,0.0137198000447824,0.1026445000316016,0.032789873998844955,50,54.0,3651.0,835.12,50,11.0,3608.0,792.12,50
backtracking,9,2,44.0,0.0137705000233836,0.8440905000315979,0.06631166399922217,50,54.0,33740.0,2172.64,50,10.0,33696.0,2128.64,50
backtracking,9,2,45.0,0.0130780999897979,0.8866458000265993,0.08891071399790232,50,52.0,34828.0,3056.34,50,7.0,34783.0,3011.34,50
